sensor_0,sensor_1,sensor_2,sensor_3,sensor_4,action
0,0,0,0,0,right
0,0,0,0,0,right
0,0,0,0,0,right
0,0,0,0,0,right
0,0,0,0,0,right
0,0,0,0,0,right
0,0,0,0,0,right
0,0,0,0,0,right
0,0,0,0,0,right
0,0,0,0,0,forward
0,0,0,0,0,forward
0,0,0,0,0,forward
0,0,0,0,0,forward
0,0,0,0,0,forward
0,0,0,0,0,forward
0,0,0,0,0,forward
0,0,0,0,0,forward
0,0,0,0,0,left_forward
0,0,0,0,0,left_forward
0,0,0,0,0,left_forward
0,0,0,0,0,left_forward
0,0,0,0,0,left_forward
0,0,0,0,0,left_forward
0,0,0,0,0,forward
0,0,0,0,0,forward
0,0,0,0,0,forward
0,0,0,0,0,forward
0,0,0,0,0,forward
0,0,0,0,0,forward
0,0,0,0,0,forward
0,0,0,0,0,forward
0,0,0,0,0,forward
0,0,0,0,0,right_forward
0,0,0,0,0,right_forward
0,0,0,0,0,right_forward
0,0,0,0,0,right_forward
0,0,0,0,0,right_forward
0,0,0,0,0,right_forward
0,0,0,0,0,right_forward
0,0,0,0,0,right_forward
0,0,0,0,0,right_forward
0,0,0,0,0,right_forward
0,0,0,0,0,right_forward
0,0,0,0,0,right_forward
0,0,0,0,0,right_forward
0,0,0,0,0,right_forward
0,0,0,0,0,right_forward
48.34885464139593,40.079162569020596,36.960856582381936,37.540603068665774,41.814664443904405,right_forward
39.95880620540936,34.6037918572881,33.098298190846926,34.63077956663363,40.0273617210455,right_forward
33.29328625648372,29.922884695387225,29.552048175671917,31.997251141675637,38.54895559194057,right_forward
27.686524618438412,25.77778806410194,26.32569564498977,29.525977843891205,37.43536956710212,forward
23.78461289403803,22.13705726991735,22.589610456029583,25.344730579882484,32.040580815972284,forward
19.766980768580286,18.41829292228129,18.84209857478959,21.11642198855135,26.770087234909386,forward
15.845476725352636,14.764350470994906,15.1040787624074,16.927206894143527,21.45926073296234,left_forward
12.510993382507001,11.24891133509214,11.04619027094544,11.953439365708382,14.493827850571632,left_forward
8.797949412660554,7.6296953317232905,7.306193470768132,7.635344056383385,8.812512551928602,left_forward
4.6476704157301825,3.8778846626215007,3.5869901218204454,3.5869901218204454,4.016679308397503,left_forward
0,0,0,0,0,left_forward
0,0,0,0,0,left_forward
0,0,0,0,0,left_forward
0,0,0,0,0,left_forward
0,0,0,0,0,left_forward
0,0,0,0,0,left_forward
0,0,0,0,0,left_forward
0,0,0,0,0,left_forward
0,0,0,0,0,left_forward
0,0,0,0,0,left_forward
0,0,0,0,0,left_forward
0,0,0,0,0,left_forward
0,0,0,0,0,left_forward
0,0,0,0,0,left_forward
0,0,0,0,0,left_forward
0,0,0,0,0,left_forward
0,0,0,0,0,left_forward
0,0,0,0,0,left_forward
0,0,0,0,0,left_forward
0,0,0,0,0,left_forward
0,0,0,0,0,left_forward
0,0,0,0,0,left_forward
0,0,0,0,0,forward
0,0,0,0,0,right_forward
0,0,0,0,0,right_forward
40.25782948467306,44.71199543631748,55.93241289265552,84.85290262469584,100,right_forward
38.84480634979745,44.84333560058596,59.29436011352404,100,100,right_forward
38.1803904128591,45.979315873750835,65.07563251213848,100,100,right_forward
38.31431814950418,48.36566476882983,74.84188563914742,100,46.93742845985207,right_forward
39.31222267589408,52.653271602616286,92.00435566483301,100,31.919006805447804,right_forward
41.58638263355279,59.76824045202579,100,100,25.139052906671015,right_forward
45.3869050964893,71.53364096961941,100,58.564003362757234,20.74779558473067,right_forward
51.40952440284509,92.48119571591589,100,35.693371704156526,17.369837638769198,right_forward
61.005829736344865,100,100,24.99176370978411,14.551749478246558,right_forward
76.68958813562773,100,47.38897361223576,18.268221487342668,11.95691469155827,right_forward
100,100,26.15744220662721,13.319255492022647,9.463730986125531,right_forward
100,70.87961339713425,15.981380471829901,9.556766094438657,7.269470721324371,right_forward
100,22.196928651546628,8.955235565147406,6.029988443262363,4.806246422529226,right_forward
100,7.203385829702999,3.786656153953267,2.800052616077622,2.364942143220013,forward
100,0.10686330535756738,0.10686330535756738,0.10686330535756738,0.10686330535756738,forward
0,0,0,0,0,forward
0,0,0,0,0,forward
0,0,0,0,0,forward
0,0,0,0,0,forward
0,0,0,0,0,forward
0,0,0,0,0,forward
0,0,0,0,0,forward
0,0,0,0,0,forward
0,0,0,0,0,forward
0,0,0,0,0,forward
0,0,0,0,0,forward
0,0,0,0,0,forward
0,0,0,0,0,forward
0,0,0,0,0,left_forward
0,0,0,0,0,left_forward
0,0,0,0,0,left_forward
0,0,0,0,0,left_forward
0,0,0,0,0,left_forward
0,0,0,0,0,left_forward
0,0,0,0,0,left_forward
0,0,0,0,0,left_forward
0,0,0,0,0,left_forward
0,0,0,0,0,left_forward
0,0,0,0,0,left_forward
0,0,0,0,0,left_forward
0,0,0,0,0,left_forward
0,0,0,0,0,left_forward
0,0,0,0,0,left_forward
0,0,0,0,0,left
0,0,0,0,0,left
0,0,0,0,0,left
0,0,0,0,0,forward
0,0,0,0,0,forward
0,0,0,0,0,forward
0,0,0,0,0,forward
0,0,0,0,0,forward
40.95314795111319,89.78244421619073,74.65782292844821,69.21435939746834,70.36804957084324,forward
36.85445194039564,85.07510128604773,70.6964510656586,65.55201093497568,66.56252613504086,forward
33.04372084971476,80.54792141901112,66.96625745441045,62.05209696926568,63.11911885597999,forward
29.139437084023232,76.09053109160045,63.219286279375694,58.56749561342076,59.59475623181103,forward
25.301784547614478,71.51887870586967,59.48426462582008,55.10569452045185,56.074583214615245,forward
94.71642501758474,67.07393025166817,55.7294835700949,51.691962562326815,52.555233034352675,right_forward
76.01325764035943,57.63440257470677,49.97326025455783,47.899862174284365,50.26678195405852,right_forward
62.37834452752536,49.92385608810747,44.88641592521923,44.4926032671344,48.266527777814275,right_forward
51.88632487514275,43.5092292028107,40.60608237985134,41.436117056847806,46.71661797043152,right_forward
43.61276394526385,38.10663417559293,36.761357207194976,38.84516894667284,45.39801178496764,forward
39.135753388675774,34.237339155673695,33.02454888228987,34.85761021065333,40.833138749033225,forward
34.66484287485428,30.350629419015238,29.28160828860954,30.8887366805035,36.19184046059512,forward
30.269517128554547,26.481895381573302,25.544997503255544,26.959488770867825,31.48696180369527,forward
25.861792413876586,22.61316134413136,21.808386717901552,23.03024086123215,26.91938119235365,forward
21.36746959993709,18.715678100544718,18.06183341811426,19.037038786784215,22.324348884826243,forward
16.944988405632788,14.842045144092273,14.323528409527556,15.096892966708266,17.703819876631368,forward
12.522507211328485,10.968412187639828,10.58522340094098,11.156747146632064,13.008327668787452,forward
8.100026017024184,7.094779231187385,6.846918392354276,7.216601326555992,8.414272859019267,left_forward
3.9563832408082185,3.3365400631228113,3.1179158179358595,3.1179158179358595,3.5351618136047662,left_forward
0,0,0,0,0,left_forward
0,0,0,0,0,left_forward
0,0,0,0,0,left_forward
0,0,0,0,0,left_forward
0,0,0,0,0,left
0,0,0,0,0,left
0,0,0,0,0,left
0,0,0,0,0,left
0,0,0,0,0,left
0,0,0,0,0,left
0,0,0,0,0,left
0,0,0,0,0,left
0,0,0,0,0,left
0,0,0,0,0,left
0,0,0,0,0,left
0,0,0,0,0,left
0,0,0,0,0,left
0,0,0,0,0,left
0,0,0,0,0,left
0,0,0,0,0,left
0,0,0,0,0,left
0,0,0,0,0,forward
0,0,0,0,0,forward
0,0,0,0,0,forward
0,0,0,0,0,forward
0,0,0,0,0,forward
40.093723155576285,43.69395978486287,53.06549035020329,76.22357785710717,100,forward
37.351971950459756,40.616428559782015,49.309722441990516,70.81673595657259,100,forward
34.52252810424505,37.5390934269023,45.586622509028274,65.51165819811477,100,forward
31.64895104322766,34.40189952359194,41.82315922587633,60.12949854171536,100,forward
28.86367213862412,31.384202589967742,38.0467975211823,54.71038054929089,100,forward
25.94796607670865,28.211626719363643,34.33603047069285,49.386003828285,100,forward
23.159941002341938,25.178899559623474,30.62121419936541,43.95020252416144,92.92860273280559,forward
20.371915927975376,22.14617239988357,26.823354528555107,38.61914676125467,81.52726622456044,forward
17.545973905380595,19.07397744373841,23.104739762931843,33.15989054675566,70.20889793970038,forward
14.716702298606698,15.998316719470157,19.379122447775632,27.812889729725153,58.799187750433894,forward
11.800780245460617,12.832461442748757,15.653505132619673,22.46588891269449,47.400073241211864,forward
8.992131904890325,9.778267500744484,11.927887817463464,17.11888809566396,36.02244639761783,forward
6.183483564320033,6.724073558740342,8.106780152940006,11.698401955349963,24.683203597064654,forward
3.3748352237497414,3.6698796167361962,4.424536254807009,6.300822127506958,13.32350125468712,right_forward
0.8454845420626249,0.9606564846001504,1.1191704470070007,1.7628995028294412,5.250319243522718,right_forward
0,0,0,0,0,right_forward
0,0,0,0,0,right_forward
0,0,0,0,0,right_forward
0,0,0,0,0,right_forward
0,0,0,0,0,right_forward
0,0,0,0,0,right_forward
0,0,0,0,0,forward
0,0,0,0,0,forward
0,0,0,0,0,forward
0,0,0,0,0,forward
0,0,0,0,0,forward
0,0,0,0,0,forward
0,0,0,0,0,forward
0,0,0,0,0,forward
0,0,0,0,0,forward
0,0,0,0,0,forward
0,0,0,0,0,right_forward
0,0,0,0,0,right_forward
0,0,0,0,0,right_forward
0,0,0,0,0,right_forward
0,0,0,0,0,right_forward
0,0,0,0,0,right_forward
55.964873127346806,67.47274103649951,62.38761830400549,47.39467075589462,40.58422254637151,right_forward
60.67007543881644,63.69068664555173,52.4867438227909,41.351310577517125,36.82228765205804,right_forward
60.630728073297874,57.430905195636974,43.63884680672732,36.12606237691398,33.24908031567721,right_forward
57.452189261166865,48.38825006916663,36.46847646682821,31.397252229691215,30.04471436839238,forward
53.84091993066493,43.53536514523923,32.66542654251191,28.23527993052228,26.967310361965765,forward
49.959383845489576,38.58169399300621,28.963364505401817,25.023001243396955,23.890107408028598,forward
45.74956847578847,33.55527363873508,25.261302468291614,21.810722556271624,20.812904454091562,forward
41.269370766013296,28.60526031560042,21.435338177559693,18.551329701921023,17.735476683659492,forward
36.2839999714143,23.642039876337073,17.716151308025758,15.33253925092587,14.658242657286817,forward
30.54559540890992,18.58471970146943,13.996964438491698,12.113748799930693,11.581008630914095,forward
23.561420508199646,13.646502862281546,10.277777568957765,8.894958348935619,8.503774604541396,left_forward
21.545535315475913,10.570182808066964,7.379235087079195,6.143635899548553,5.670692438393445,left_forward
19.095942020170497,6.894082778837127,4.411122339615705,3.5227723214865776,3.1140547906451097,left_forward
15.293419881133008,2.3333684083944455,1.3433593632044634,1.0261105974099358,0.8630032889632808,left_forward
0,0,0,0,0,left_forward
0,0,0,0,0,left_forward
0,0,0,0,0,left_forward
0,0,0,0,0,left_forward
0,0,0,0,0,left_forward
0,0,0,0,0,left_forward
0,0,0,0,0,left_forward
0,0,0,0,0,left_forward
0,0,0,0,0,left_forward
0,0,0,0,0,left_forward
0,0,0,0,0,left_forward
0,0,0,0,0,left_forward
0,0,0,0,0,left_forward
0,0,0,0,0,left_forward
0,0,0,0,0,left_forward
0,0,0,0,0,left_forward
0,0,0,0,0,left_forward
0,0,0,0,0,left_forward
0,0,0,0,0,left_forward
0,0,0,0,0,left_forward
0,0,0,0,0,left_forward
0,0,0,0,0,left_forward
0,0,0,0,0,left_forward
0,0,0,0,0,left_forward
0,0,0,0,0,left_forward
0,0,0,0,0,left
0,0,0,0,0,left
0,0,0,0,0,left
0,0,0,0,0,left
0,0,0,0,0,left
0,0,0,0,0,left
0,0,0,0,0,left
0,0,0,0,0,left
0,0,0,0,0,left
0,0,0,0,0,left
0,0,0,0,0,left
0,0,0,0,0,left
0,0,0,0,0,left
0,0,0,0,0,left
0,0,0,0,0,left
0,0,0,0,0,left
0,0,0,0,0,left
0,0,0,0,0,left
0,0,0,0,0,left
0,0,0,0,0,forward
0,0,0,0,0,forward
0,0,0,0,0,forward
0,0,0,0,0,forward
0,0,0,0,0,forward
0,0,0,0,0,forward
0,0,0,0,0,forward
0,0,0,0,0,forward
9.953364693417175,19.78642010099554,28.60171511839852,37.51647404694331,60.73048424052202,forward
11.402238859758736,17.833100363429644,24.87227509324543,32.74799141369832,52.95570496918998,forward
11.135513828019354,15.589974467488226,21.15314980023119,27.90609454218501,45.136219198077455,forward
10.090323631957009,13.167656631368372,17.379226027462654,23.028415203159692,37.28497586890626,forward
8.51088817727856,10.555695969846557,13.710469013770117,18.245464380234438,29.426352580495685,forward
6.5264489550701335,7.790835644578767,9.926401000520698,13.346580330919,21.673451951007358,forward
4.346743189958545,4.993347155539428,6.241660595758361,8.535438707546287,13.840986748722784,forward
1.803431347316831,2.0313960975156995,2.4936796927202565,3.44574194526826,5.940876339039708,forward
0,0,0,0,0,forward
0,0,0,0,0,right_forward
0,0,0,0,0,right_forward
0,0,0,0,0,right_forward
0,0,0,0,0,right_forward
0,0,0,0,0,right_forward
0,0,0,0,0,right_forward
0,0,0,0,0,right_forward
0,0,0,0,0,right_forward
0,0,0,0,0,forward
0,0,0,0,0,forward
0,0,0,0,0,forward
0,0,0,0,0,forward
0,0,0,0,0,forward
0,0,0,0,0,forward
0,0,0,0,0,forward
0,0,0,0,0,forward
0,0,0,0,0,forward
0,0,0,0,0,forward
0,0,0,0,0,forward
0,0,0,0,0,forward
0,0,0,0,0,right_forward
0,0,0,0,0,right_forward
0,0,0,0,0,right_forward
0,0,0,0,0,right_forward
0,0,0,0,0,right_forward
0,0,0,0,0,right_forward
0,0,0,0,0,right_forward
0,0,0,0,0,right_forward
0,0,0,0,0,right_forward
0,0,0,0,0,right_forward
0,0,0,0,0,right_forward
0,0,0,0,0,right_forward
0,0,0,0,0,forward
0,0,0,0,0,forward
100,53.37772164870309,43.113901817679654,39.221512040585864,39.10804706677072,forward
100,48.67707291705263,39.378062590352826,35.78632540542402,35.691341517698845,forward
100,44.053676881250325,35.72617956553148,32.43840263334245,32.25893021425689,forward
58.510082687824934,39.50911676789443,31.97716422075634,29.04230206744019,28.95600678062126,forward
51.62421572793932,34.8194558489606,28.245126883599482,25.648785575322854,25.572261382302333,forward
44.81688128688826,30.241764125601975,24.45024297358352,22.201972088900206,22.148195209149943,forward
37.90997885908788,25.64825857017202,20.75704552654099,18.8582663738085,18.80272286408425,forward
31.08703699526625,20.944631699481018,17.02124510790441,15.464203412200938,15.418656482510933,left_forward
30.607760585637006,18.613343385147186,14.304601051953274,12.542643559841263,12.114058782450442,left_forward
31.140972683735537,16.2298569374025,11.636993413084936,9.824994029241862,9.190966523147884,left_forward
34.432232311576456,13.568217166040322,8.98754053185433,7.137028599062946,6.505619033354199,left_forward
96.7781251085646,10.819893096962824,6.338316023865966,4.861982224415614,4.223978478606414,left_forward
100,7.262367189883392,3.592700676733834,2.6216345068371822,2.1916504197556606,left_forward
100,1.6699128983947702,0.6661795843396199,0.469045754457575,0.3584772951860167,left_forward
0,0,0,0,0,left_forward
0,0,0,0,0,left_forward
0,0,0,0,0,left_forward
0,0,0,0,0,forward
0,0,0,0,0,forward
0,0,0,0,0,right_forward
85.07018455347124,79.96031651169145,54.561452792779136,43.69156191418289,39.343694026566595,right_forward
83.23274132497893,63.870339736008205,45.851939863651516,38.424853226633346,35.85818316841114,right_forward
75.97512296549814,50.555044608795356,38.689119986974674,33.83701917306895,32.63188276166768,right_forward
60.115106865592885,40.46466546880939,32.70686254876158,29.670139258151647,29.549733068980643,right_forward
44.660556244679384,32.50979740388874,27.452598932183342,25.795634194015236,26.543198010565437,right_forward
33.48919733590397,25.954650450752947,22.85486854338691,22.171240282149945,23.557232557726362,right_forward
24.93269956595801,20.40177665365066,18.636064549152913,18.673527211904194,20.532533553595762,right_forward
18.26320841770011,15.534157083769403,14.709708455240827,15.217842315730833,17.336707477481426,right_forward
12.688870867299496,11.267036674840671,10.978978736449584,11.723636231725084,13.980933679155921,right_forward
7.940053166240725,7.297567542200662,7.411887266047019,8.11294448894432,10.167520087062288,right_forward
3.890947595377696,3.707437140555797,3.856001877235453,4.423871060580286,5.742575947187419,right_forward
0,0,0,0,0,right_forward
0,0,0,0,0,right_forward
0,0,0,0,0,right_forward
0,0,0,0,0,right_forward
0,0,0,0,0,right_forward
0,0,0,0,0,right_forward
0,0,0,0,0,right_forward
0,0,0,0,0,right_forward
0,0,0,0,0,right_forward
0,0,0,0,0,right_forward
0,0,0,0,0,right_forward
0,0,0,0,0,right_forward
0,0,0,0,0,right_forward
0,0,0,0,0,right_forward
0,0,0,0,0,right_forward
0,0,0,0,0,right_forward
0,0,0,0,0,right_forward
0,0,0,0,0,right_forward
0,0,0,0,0,right_forward
0,0,0,0,0,right_forward
0,0,0,0,0,forward
0,0,0,0,0,forward
100,60.04431092445989,45.037132175121386,38.790788807632396,37.00339475440312,forward
95.47147834674676,55.08223427094099,41.321692343517284,35.57152544055356,33.933883380503005,forward
86.75044670942417,50.08377975534658,37.53851146773009,32.37762845668653,30.86477123087169,forward
78.0932243956343,45.06788550769274,33.8443517515404,29.130837396167646,27.7948462112141,forward
69.5161313625468,40.10953988689315,30.041130449097633,25.923638763782595,24.725529643393365,forward
60.824019510165456,35.0588802013566,26.340381329273647,22.716440131397487,21.65621307557268,left_forward
74.03100459599247,35.5026989640478,24.849059366314208,20.565442154175027,18.955824341420488,left_forward
100,37.29320577588552,23.837167485395142,18.740302225777565,16.68377252215935,left_forward
100,41.649645074807964,23.35134853094961,17.242641993553647,14.796278095074882,left_forward
100,51.70682202454861,23.628844167946973,16.293722876801258,13.374869035264496,left_forward
100,81.76285694358455,25.262853936159352,15.828247871409664,12.318266591050078,left_forward
100,100,29.414485627626966,16.052726702162683,11.699879352910639,left_forward
83.32617600285745,100,39.90895261906813,17.31558478799842,11.756334135049723,left_forward
67.15946054229792,100,75.09071228922498,20.43915747225399,12.53946909877528,left_forward
56.33107710826302,100,100,27.325610562823172,14.38645891453278,left_forward
48.30659213397898,79.45924444561335,100,43.94429305449697,17.89481195469136,left_forward
42.09503774771746,62.29449157694039,100,100,24.585851849209792,left_forward
36.976567323014415,50.619986396726304,93.60567910983586,100,37.76529006637365,left_forward
32.5679232350459,41.90779390701335,67.35214228401027,100,69.34196633548615,left_forward
28.70487989781754,35.05607617973407,51.07355221129821,100,100,left_forward
25.11388372969638,29.35357504677436,39.730314539827006,71.08906917599595,100,left_forward
21.70484171740867,24.4266130612281,31.140419124340244,48.99815541898958,100,left_forward
18.543819996789015,20.135198759967864,24.354553563537053,34.86140929630009,73.21024467958797,left_forward
15.352819063103128,16.08827700920942,18.63041701870014,24.956039456811595,43.34218788472717,forward
12.289001311368688,12.877690830017245,14.912519859260014,19.9757973015113,34.69279495601276,forward
9.225183559634248,9.667104650825076,11.19462269981994,14.915610619968698,25.96575138311458,forward
6.1613658078998075,6.4565184716329025,7.476725540379865,9.961919205591018,17.262077710845457,right_forward
3.343680276215455,3.6310077643941625,4.371606920541382,6.210652430220836,13.033270592025758,right_forward
0.8042441254619668,0.9123169869795689,1.0624116182422831,1.6686180680586062,4.907065098109964,right_forward
0,0,0,0,0,right_forward
0,0,0,0,0,right_forward
0,0,0,0,0,right_forward
0,0,0,0,0,right_forward
0,0,0,0,0,right_forward
0,0,0,0,0,right_forward
0,0,0,0,0,right_forward
0,0,0,0,0,right_forward
0,0,0,0,0,right_forward
0,0,0,0,0,right_forward
0,0,0,0,0,right_forward
0,0,0,0,0,forward
6.789190275687286,100,77.24383006775386,53.13820291085165,43.51637025360595,left_forward
11.721688475594856,100,91.0519135697688,56.861492477598304,44.210186034817255,left_forward
11.554067568220884,100,100,62.98760955420771,46.043353816657884,left_forward
10.576969159159306,46.717668907999894,100,72.78659828887531,49.34114548740641,left_forward
9.261165771762045,22.921992714660284,100,89.36373930095773,54.570672408409976,left_forward
7.815389397848243,14.879284880587168,100,100,62.63994015232451,left_forward
6.1983092597115785,10.159361747230907,37.87504247873068,100,75.54261319219442,left_forward
4.443551198519483,6.6004074028477575,15.17928287382798,100,96.84830006095837,left_forward
2.5543573152621875,3.5396651417823612,6.528779070868982,100,100,left_forward
0.5746230468322047,0.7677854032190083,1.2258080579047288,3.8759419572799914,100,left_forward
0,0,0,0,0,left_forward
0,0,0,0,0,forward
0,0,0,0,0,right_forward
0,0,0,0,0,right_forward
0,0,0,0,0,right_forward
0,0,0,0,0,right_forward
0,0,0,0,0,right_forward
0,0,0,0,0,right_forward
0,0,0,0,0,right_forward
0,0,0,0,0,right_forward
0,0,0,0,0,right_forward
0,0,0,0,0,left_forward
0,0,0,0,0,left_forward
0,0,0,0,0,left_forward
0,0,0,0,0,left_forward
0,0,0,0,0,left_forward
0,0,0,0,0,left_forward
0,0,0,0,0,left_forward
0,0,0,0,0,right_forward
0,0,0,0,0,right_forward
0,0,0,0,0,right_forward
0,0,0,0,0,right_forward
0,0,0,0,0,right_forward
0,0,0,0,0,right_forward
0,0,0,0,0,right_forward
0,0,0,0,0,right_forward
0,0,0,0,0,right_forward
0,0,0,0,0,right_forward
0,0,0,0,0,right_forward
0,0,0,0,0,right_forward
0,0,0,0,0,right_forward
100,59.3295248573163,44.815822196600166,38.787788782167624,37.140672446238895,right_forward
72.82232984899633,47.91518251479094,38.29315226582861,34.44538729491376,33.95238256430443,forward
65.71609356894248,43.19686741885016,34.486029787137596,31.037751266669133,30.711393142759288,forward
58.56225457753802,38.58789995684136,30.817137744947306,27.72214818934274,27.313144099279455,left_forward
65.65955572767555,38.554569801018026,29.09109603555044,25.214975123340523,24.13839596732234,left_forward
79.93478439228642,39.447192917033505,27.762423587520004,23.103091108781253,21.381602863064153,left_forward
100,41.786234498769474,27.0254657804347,21.376716340009633,19.110572183502796,left_forward
100,47.00275307408942,26.875703421894627,20.101599840517135,17.238636648061632,left_forward
100,58.618820412813115,27.629278346660424,19.22899318311354,15.864269830750839,left_forward
100,90.95125808671149,29.965682453923144,19.00902518704974,14.88673948808496,left_forward
100,100,35.213059360687325,19.57316934243443,14.381336421799293,left_forward
79.96719902617716,100,47.55243189345059,21.31360287038253,14.610653867165238,left_forward
64.125164865996,100,85.29443483987012,25.14039838631007,15.626406876948828,left_forward
53.583424137550224,100,100,33.10920921793323,17.789237500389042,left_forward
45.82918384208239,76.38638708770884,100,51.41167938379933,21.832389595669397,left_forward
39.826184500418826,59.5191094524309,100,100,29.03820124500603,left_forward
34.847875945571545,48.09623461785708,90.75621015913003,100,43.044976250307144,left_forward
30.547928272090083,39.562897196924254,64.47320939408341,100,75.15769666042164,left_forward
26.678739279188385,32.88540583807635,48.37977489702105,100,100,left_forward
23.263736887454964,27.330111518122987,37.26247415903336,68.01775721973259,100,left_forward
19.957070350481807,22.531412456194843,28.875267026801072,45.98935477258786,100,right_forward
18.227773382701418,21.49521266681845,29.203297870095096,53.373353755725574,100,right_forward
17.04747645880441,20.89634787552393,30.77811998997304,69.93052904935469,100,right_forward
16.274207206157218,21.073591145140437,34.296830383069576,100,100,right_forward
16.13436870627016,22.190434348369568,41.9061593966778,100,94.00515990545372,right_forward
16.608388905821474,24.88077321803746,59.949254475743544,100,71.70175507310812,right_forward
18.110961605300506,30.157976178803462,100,100,58.25459289452789,right_forward
20.97067696489337,41.14241297938602,100,91.43016391183133,49.030733367216996,right_forward
26.14395044418111,67.58331124902398,100,68.0071143506702,42.07693148965674,right_forward
35.437081122326504,100,100,53.50675030899437,36.57613388467912,right_forward
53.828282905175925,100,78.32818319599295,43.37779806787509,32.03847460568372,right_forward
99.36958192573977,100,56.49865158001022,35.75716510904347,27.998752700190042,left_forward
64.52300499892004,100,69.6792693312194,38.64722432135701,28.46664344149579,left_forward
48.916865529515796,100,97.6933589888892,43.74638773594828,29.983728115716872,left_forward
39.59818279586801,100,100,52.87578124560889,32.76975464819364,left_forward
33.11671627511114,64.81167330131359,100,69.7201678194549,37.414944118261474,left_forward
28.172060217036396,46.87128378497963,100,100,45.09561908707792,left_forward
24.070510605156397,35.893914276556956,86.72503236357267,100,58.09334500787169,left_forward
20.48859607640988,28.28114502709016,53.321273962625234,100,82.12276625805423,left_forward
17.218835861736217,22.29679777016878,36.287573671819345,100,100,right_forward
17.15391447034926,23.592668532726805,44.55424858315474,100,91.24358930711136,right_forward
17.722858192260144,26.550342598402203,63.97201690242864,100,69.65470365575163,right_forward
19.362494002482922,32.242000486501325,100,100,56.6159840538404,right_forward
22.413395076479244,43.972884521104746,100,88.84224650684469,47.65439680603201,right_forward
27.875878506616232,72.06042474242552,100,66.05788138310417,40.8671296540427,right_forward
37.63215551686329,100,100,51.924677261944545,35.49270587226871,left_forward
30.76266830469838,79.36618591796753,100,62.92218054652082,38.92131370508503,left_forward
25.748263719514902,50.2922896873755,100,82.97611395357168,44.55219750169451,left_forward
21.69742445700012,36.24175353025737,100,100,53.457346876784754,left_forward
18.29305446673272,27.4045449099792,66.13191191746583,100,68.60737008987081,left_forward
15.304444594483247,21.048996660164338,39.75057880044582,100,96.25311591362403,left_forward
12.415620334561156,16.077078497860327,26.165110184533603,92.585299683002,100,right_forward
11.879001901057904,16.46263604084578,31.000824204180578,100,100,right_forward
12.056042825643022,17.9705532312306,43.433571577735464,100,80.13707401917496,right_forward
12.998744811299792,21.645224859777443,89.00646195302295,100,65.0383117087565,right_forward
15.077511294022454,29.49962166220584,100,100,54.7637663561014,right_forward
19.06942984310499,49.119343218268924,100,76.06155320714201,47.08558402195808,forward
20.038882488936085,51.71800692559735,100,74.97515466295567,46.41179414138304,forward
21.008335134767187,54.220050573930244,100,73.88875611876932,45.73800426080798,forward
21.977787780598245,56.7220942222631,99.87798798896443,72.79975055155649,45.06421438023294,forward
22.947240426429346,59.22413787059595,96.14158276726613,71.60491537341575,44.39042449965791,forward
23.91669307226046,61.72618151892881,92.40219603666026,70.5138255650485,43.71663461908285,forward
24.886145718091544,64.3318283304305,88.6598645238325,69.42273575668128,43.04284473850781,forward
25.85559836392266,66.67015960228893,84.92171105085218,68.33164594831402,42.2765867440351,forward
26.82505100975373,66.38979288495634,81.18220547810161,67.2317606948361,41.6011630484959,forward
27.79450365558482,65.0238928364002,77.43946718133384,65.66818335863668,40.92397234069112,forward
28.763956301415888,63.06350206167163,73.70154622681896,63.679114136902,40.246781632886325,right
36.45591600036954,69.60621925557565,72.61134737006229,52.77624035606504,36.07326516658926,right
50.59485151030377,72.82914670413226,68.96420279334907,44.80803492056503,33.09735938045047,right
64.70195438280051,73.66039038696005,61.81019840684347,39.365094982965445,30.824910046212988,right
70.48978482321105,72.1099543436359,51.03414419934437,35.43703075078576,29.202215901984847,right
73.20865133877153,68.01381854233463,43.637549222409106,32.520355143910244,27.99216783705614,right
73.50077938708716,59.68229404076812,38.53312935435625,30.476158741744943,27.227343011194453,right
71.49023021367807,49.329953323983176,34.834043362126664,28.853284196101466,26.710035720221136,right
66.80357611549006,42.53902372299804,32.085067277302294,27.820572719800023,26.640170073160697,right
57.29921576923644,37.74790201032105,30.146133423897304,27.11754836317862,26.722585368127184,right
47.847635807492566,34.2626976384572,28.629279862493735,26.68489446780257,27.27824137611079,right
41.50739051803686,31.671404812835796,27.661038864651104,26.644164570601994,28.069878474875754,forward
35.83824760181494,27.41481310932848,23.931423784671512,23.045959881382366,24.292161289574562,forward
30.270412162776292,23.07259973049044,20.172718891543003,19.44140886955955,20.45820881774369,forward
24.571626028656418,18.80101772706435,16.438010883610314,15.84209309160175,16.670646183753952,forward
18.98896465028675,14.529435723638208,12.703302875677554,12.242777313643927,12.883083549764201,forward
13.406303271917084,10.257853720212116,8.968594867744853,8.643461535686116,9.095520915774502,forward
7.739745113819348,5.986271716785998,5.233886859812094,5.044145757728293,5.307958281784726,forward
2.1500325998061633,1.6772892491642786,1.4448299797704962,1.4448299797704962,1.4448299797704962,right
1.964761845926187,1.600409562651091,1.4448299797704962,1.4448299797704962,1.5773619028603392,right
1.7496066369864884,1.4448299797704962,1.4448299797704962,1.4448299797704962,1.649286281298945,right
1.6614772805842577,1.4448299797704962,1.4448299797704962,1.4448299797704962,1.7353489588942637,right
1.587347265218316,1.4448299797704962,1.4448299797704962,1.5899924787822535,1.93969999170627,right_forward
0,0,0,0,0,right_forward
0,0,0,0,0,right_forward
0,0,0,0,0,right_forward
0,0,0,0,0,right_forward
0,0,0,0,0,right_forward
0,0,0,0,0,right_forward
0,0,0,0,0,right_forward
0,0,0,0,0,right_forward
0,0,0,0,0,right_forward
0,0,0,0,0,right_forward
0,0,0,0,0,right_forward
0,0,0,0,0,right_forward
0,0,0,0,0,right_forward
0,0,0,0,0,right_forward
0,0,0,0,0,right_forward
0,0,0,0,0,right_forward
0,0,0,0,0,right_forward
0,0,0,0,0,right_forward
0,0,0,0,0,right_forward
0,0,0,0,0,right_forward
0,0,0,0,0,right_forward
0,0,0,0,0,right_forward
0,0,0,0,0,right_forward
0,0,0,0,0,right_forward
0,0,0,0,0,forward
60.1162562549939,44.97801009294733,38.66257364495493,36.82636890145852,38.368487979609796,forward
54.33499769946105,40.64321394228422,34.927638999169304,33.26774149307445,34.661549035834035,forward
48.50752475349174,36.27279413960409,31.173873194309696,29.708463136847193,30.941238162273176,forward
42.663431911532015,31.85754382083701,27.45106937733084,26.150296843239715,27.243043512438383,forward
36.87637419550934,27.555077008333875,23.728265560351932,22.592130549632216,23.544848862603587,forward
31.017213988306437,23.24094387864689,19.95605877959754,19.032232841789103,19.81150237056406,forward
25.217919688461443,18.80231301706456,16.22487073764376,15.47377270818972,16.10734206744035,left_forward
22.899223146820727,15.973795835093828,13.104665330664965,12.058309855204115,12.25385080091094,left_forward
20.301038000597497,12.885124636344708,10.181643548470367,9.050133770260613,8.82477516021318,left_forward
17.335624392469867,9.65550890997457,7.155169947245282,6.129751863859321,5.810025807187516,left_forward
12.980478165940333,5.846073780884666,4.054529911131777,3.3389225402565224,3.0484251730540137,left_forward
3.895117062901889,1.2225099685082128,0.7644344624559309,0.5714511395199722,0.5714511395199722,left_forward
0,0,0,0,0,left_forward
0,0,0,0,0,left_forward
0,0,0,0,0,forward
0,0,0,0,0,forward
0,0,0,0,0,forward
0,0,0,0,0,forward
0,0,0,0,0,forward
0,0,0,0,0,forward
0,0,0,0,0,forward
0,0,0,0,0,forward
0,0,0,0,0,forward
0,0,0,0,0,forward
0,0,0,0,0,forward
0,0,0,0,0,forward
0,0,0,0,0,forward
0,0,0,0,0,forward
0,0,0,0,0,left_forward
0,0,0,0,0,left_forward
0,0,0,0,0,left_forward
0,0,0,0,0,left_forward
0,0,0,0,0,forward
0,0,0,0,0,left
0,0,0,0,0,left
0,0,0,0,0,left
0,0,0,0,0,left
0,0,0,0,0,left
0,0,0,0,0,left
0,0,0,0,0,left
0,0,0,0,0,left
0,0,0,0,0,left
0,0,0,0,0,left
0,0,0,0,0,left
0,0,0,0,0,left_forward
0,0,0,0,0,left_forward
0,0,0,0,0,left_forward
0,0,0,0,0,left_forward
0,0,0,0,0,left_forward
0,0,0,0,0,forward
0,0,0,0,0,forward
0,0,0,0,0,forward
52.41098926891257,42.39849273648605,38.471047489476355,38.25480123710517,41.91284979501563,forward
47.29593047583338,38.2678288211433,34.72946973571428,34.60458570844527,37.83163551456531,forward
42.18298887650596,34.09344986467656,30.954827570839097,30.8538490106959,33.71664311401684,forward
37.13926068913697,30.026580011162284,27.250069165481186,27.15210374036889,29.68425303996617,forward
31.986647116300883,25.82237031134194,23.424491621904274,23.36398087894753,25.543945687846204,forward
26.930250118465008,21.774214046032338,19.769103615866083,19.6988009864967,21.528816693852544,right_forward
19.863900934499743,16.764345130174615,15.779140474036645,16.24942754315379,18.39374422199731,right_forward
14.069468788049809,12.413861115485146,12.044113262718566,12.780827934560362,15.120657871133977,right_forward
9.409576723484737,8.56475381596579,8.56475381596579,9.425257186433964,11.66638247117995,right_forward
5.2345363210160265,4.94941776245928,5.11439475473556,5.81718448302173,7.4670074480979345,right_forward
1.456774183529653,1.456774183529653,1.456774183529653,1.7678473895226468,2.4725440285825258,right_forward
0,0,0,0,0,right_forward
0,0,0,0,0,right_forward
0,0,0,0,0,right_forward
0,0,0,0,0,right
0,0,0,0,0,right
